T,S,Score
999,0,0.2639990585913564
1009,0,0.016569374644574086
1019,0,0.10711189370904439
1029,0,0.18017897089964363
1039,0,0.09747544266464825
1049,0,0.08645377693681444
1059,0,0.13287912079906428
1069,0,0.030975793087684278
1079,0,0.03944065600921276
1089,0,0.13452664448530516
1099,0,0.08494884431884475
1109,0,0.08938479893870843
1119,0,0.09296247698251092
1129,0,-0.005409291337646893
1139,0,0.0015982697008204427
1149,0,-0.008536382932633924
1159,0,0.10262920672360709
1169,0,-0.008242474556479862
1179,0,-0.010400517543362797
1189,0,0.017090728012956635
1199,0,-0.028075680032034533
1209,0,-0.03810702489389517
1219,0,0.044388801287633894
1229,0,0.035237236424283225
1239,0,0.06663085875592556
1249,0,0.015055572030219344
1259,0,0.07269068033467174
1269,0,-0.09249115821212295
1279,0,-0.07857632598605913
1289,0,-0.3061543066791289
1299,0,-0.09107792133927561
1309,0,-0.05942431226494016
1319,0,-0.10528900518117579
1329,0,-0.08586402155095463
1339,0,-0.047670676854421834
1349,0,-0.1073401678393654
1359,0,-0.13340087126083044
1369,0,-0.09579639860455247
1379,0,-0.09423089941552476
1389,0,-0.13753280639937204
1399,0,-0.08640649457964533
1409,0,-0.08036381129765025
1419,0,-0.028880756895735438
1429,0,-0.10394017793764088
1439,0,-0.10393393334201229
1449,0,-0.012055100408697172
1459,0,0.020992133367137567
1469,0,-0.0338420165791844
1479,0,0.039115682988602685
1489,0,0.06726236200071944
1499,0,-0.09902265234583085
1509,0,0.030742980693000965
1519,0,-0.0826940604365004
1529,0,0.06983406535488657
1539,0,0.04937680574633274
1549,0,0.061002045543542605
1559,0,0.05073911334635084
1569,0,0.04765235054162131
1579,0,-0.02256704522161246
1589,0,0.02180891925083206
1599,0,0.17561020480696832
1609,0,0.23017432176659447
1619,0,0.17867015307753553
1629,0,0.015597280210910447
1639,0,0.09327429805841803
1649,0,0.05460109598319629
1659,0,0.05248460330970217
1669,0,0.09033001705822163
1679,0,0.08418307924611879
1689,0,0.05115449998209365
1699,0,0.07514183723556678
1709,0,-0.05902328667789891
1719,0,-0.15996268421176796
1729,0,0.07690592674109309
1739,0,0.022757167400983325
1749,0,-0.03433486460663593
1759,0,-0.008136456910818879
1769,0,-0.11491289728983345
1779,0,-0.2168366902623693
1789,0,-0.14369946414327361
1799,0,-0.1731024155055334
1809,0,-0.01771329426931545
1819,0,-0.06793985634878541
1829,0,-0.06697448816665086
1839,0,-0.06349526101866998
1849,0,-0.06320377284744694
1859,0,-0.1554629973074777
1869,0,-0.1888644302203919
1879,0,-0.17435443090492864
1889,0,-0.105418490363125
1899,0,-0.06300849725945801
1909,0,-0.2757998778358157
1919,0,-0.05745684990118427
1929,0,-0.032692895353075735
1939,0,-0.03280831880137591
1949,0,-0.042012423254652154
1959,0,-0.05300883852230043
1969,0,-0.015113072358117874
1979,0,-0.02249164683126459
1989,0,-0.027968018188712307
1999,0,0.1050401027512432
2009,0,0.035568450969627574
2019,0,0.09097583607709447
2029,0,-0.04028169528405612
2039,0,0.04803387233352607
2049,0,-0.018375905475780052
2059,0,-0.018388037027726067
2069,0,-0.030024653264269285
2079,0,-0.09248352634971135
2089,0,-0.008342061894906716
2099,0,-0.004533545865957889
2109,0,-0.0377657193337646
2119,0,-0.0076401080252046505
2129,0,0.06300117715882936
2139,0,-0.033862020611188925
2149,0,0.014325417468880941
2159,0,0.010193726634576294
2169,0,-0.0025964038071090156
2179,0,-0.10251586315456362
2189,0,-0.04375160708822068
2199,0,0.06481916236717278
2209,0,-0.16864789431759974
2219,0,-0.07515221236664094
2229,0,-0.039463907775960316
2239,0,-0.04553913076174465
2249,0,-0.0366454211602496
2259,0,-0.048627514108961156
2269,0,0.009918397415166536
2279,0,-0.13239571753803592
2289,0,-0.054076164398614956
2299,0,-0.031212602474890327
2309,0,-0.026888804798585575
2319,0,0.01884602813824543
2329,0,-0.09461565548185502
2339,0,0.005149274387628355
2349,0,-0.08892019533377604
2359,0,-0.03729550167877704
2369,0,-0.09405109272824819
2379,0,-0.10426077287178426
2389,0,-0.06970026695114939
2399,0,-0.08161303300733314
2409,0,-0.05573122102818606
2419,0,-0.08397448250514261
2429,0,-0.10995471688353897
2439,0,-0.06601737306214428
2449,0,-0.08398407500602578
2459,0,-0.05096101622918092
2469,0,-0.04378010159315848
2479,0,-0.16572093286480272
2489,0,-0.16686360170688097
2499,0,-0.07917040607405135
2509,0,-0.1633559275533809
2519,0,-0.15702203320298036
2529,0,-0.13134809491915844
2539,0,-0.07634377427145056
2549,0,-0.09763052868386612
2559,0,-0.13861399273453168
2569,0,-0.18489161618628513
2579,0,-0.1076236486042621
2589,0,-0.07678405339285499
2599,0,-0.13966198025722398
2609,0,-0.0656213937571295
2619,0,-0.08333726248078821
2629,0,-0.0006549550723460307
2639,0,-0.09258338450791403
2649,0,0.002782513616192417
2659,0,0.08187149969422225
2669,0,0.011602416990909359
2679,0,-0.05722331051051355
2689,0,0.002692355031657212
2699,0,0.01532938738480849
2709,0,0.011375055633386255
2719,0,0.027068998139232914
2729,0,-0.06242882242937198
2739,0,-0.09094555673665117
2749,0,0.045113814378141215
2759,0,-0.026367500997533377
2769,0,-0.07468748082349108
2779,0,-0.04828526705519087
2789,0,-0.21265131237431567
2799,0,-0.1445825343850875
2809,0,-0.10533988757746737
2819,0,-0.06788571097593676
2829,0,-0.08242233116449671
2839,0,-0.12406359495829566
2849,0,0.027618352574458216
2859,0,-0.08464578527864453
2869,0,-0.0037015341289287074
2879,0,0.018807900333857486
2889,0,-0.04225036089012524
2899,0,-0.02603929723978804
2909,0,-0.070388396703567
2919,0,0.087426629016225
2929,0,0.1057989613324678
2939,0,0.008264636121321889
2949,0,0.0036193101191214216
2959,0,0.021363770747358957
2969,0,-0.10840379391853816
2979,0,-0.2172425914564663
2989,0,-0.20537196577730876
2999,0,-0.10167634709466933
3009,0,-0.026886236752460158
3019,0,-0.12435409950343368
3029,0,-0.13301022054249811
3039,0,-0.22366846638336502
3049,0,-0.13120370577185392
3059,0,-0.036932799375320347
3069,0,-0.11844502821603253
3079,0,-0.16083400729910413
3089,0,-0.040567535038929625
3099,0,-0.08584281386706172
3109,0,-0.004338307649948803
3119,0,-0.12830216132847228
3129,0,-0.11253297175202714
3139,0,-0.14165203529364223
3149,0,-0.12886610130121667
3159,0,-0.033144852517820955
3169,0,-0.030684323638451194
3179,0,0.09351860298690073
3189,0,0.06449833115459758
3199,0,0.06133849138529768
3209,0,-0.0072553966597357356
3219,0,0.007385573931141587
3229,0,-0.07737287240779989
3239,0,0.08819370268127236
3249,0,-0.05698908737869435
3259,0,-0.10315611083524023
3269,0,-0.1317023910288364
3279,0,-0.07173934428338546
3289,0,-0.12215679402279123
3299,0,-0.09565591260866801
3309,0,-0.17662686511515824
3319,0,-0.21322939246532302
3329,0,-0.17842047546493933
3339,0,-0.0966598009377726
3349,0,-0.032526339567282014
3359,0,-0.16431825122110788
3369,0,-0.07915090765610089
3379,0,-0.08680589904588754
3389,0,-0.18135643878525332
3399,0,-0.18664026732148387
3409,0,-0.10068791273518674
3419,0,-0.16950826237427707
3429,0,-0.0448310733151559
3439,0,-0.21893594982398923
3449,0,-0.15334291373471953
3459,0,-0.18138708656419356
3469,0,-0.15079919910565265
3479,0,-0.12855740842209706
3489,0,-0.15175091391540285
3499,0,-0.20732368071278584
3509,0,-0.19516153345394982
3519,0,-0.23460975995036915
3529,0,-0.11856796757609311
3539,0,-0.1157522181888585
3549,0,-0.09940932249268941
3559,0,-0.005004916601081044
3569,0,-0.14274983956926368
3579,0,-0.05172483160814223
3589,0,-0.13552416120740873
3599,0,-0.10515318665692408
3609,0,-0.022148556717964563
3619,0,-0.10701573028986444
3629,0,-0.079269869797292
3639,0,-0.044321647580306434
3649,0,-0.08622252483224313
3659,0,-0.15998884248691791
3669,0,0.008460432957182462
3679,0,0.14572058114742237
3689,0,0.03664354904722045
3699,0,-0.007320782191751696
3709,0,-0.027038010164300408
3719,0,0.10939738616096062
3729,0,0.024412769695792647
3739,0,-0.1137916247448214
3749,0,-0.07755756687435345
3759,0,-0.07999988397750168
3769,0,-0.16469027816025483
3779,0,-0.14917093236596723
3789,0,-0.2190648248307605
3799,0,-0.15471114229063732
3809,0,-0.1473296478473647
3819,0,-0.2095600549947767
3829,0,-0.12437903987698584
3839,0,-0.15645158331784947
3849,0,-0.14428331341448108
3859,0,-0.16179793510641827
3869,0,-0.20977709101751552
3879,0,-0.2013192382197243
3889,0,-0.1991435345292727
3899,0,-0.029088924417831397
3909,0,-0.07200521386518843
3919,0,-0.0943575862188063
3929,0,-0.1112607405193975
3939,0,-0.2206542832797076
3949,0,-0.06015605603702068
3959,0,-0.06679163769998653
3969,0,-0.07731723199005058
3979,0,-0.07432112079373698
3989,0,-0.21412089890400987
3999,0,-0.23697183596419402
4009,0,-0.12545064557134034
4019,0,-0.10039050125966165
4029,0,-0.06205946955193142
4039,0,-0.15179701352984032
4049,0,-0.05556100974080047
4059,0,-0.08454879385818304
4069,0,0.055705422955799055
4079,0,-0.09186948462742384
4089,0,0.13255127996807625
4099,0,0.16082597539132615
4109,0,0.2762710798119097
4119,0,0.25656757070979785
4129,0,0.18485526723609347
4139,0,0.246053680020073
4149,0,0.15829747692205676
4159,0,0.08802834153999395
4169,0,0.12085353693724277
4179,0,-0.012334231698737042
4189,0,0.043615430697690694
4199,0,-0.12339629679310693
4209,0,0.07935304271728405
4219,0,-0.10501499934355929
4229,0,-0.040679609858742416
4239,0,0.029284223150239264
4249,0,0.0100388418064008
4259,0,0.029130148633097486
4269,0,-0.04805417044198779
4279,0,-0.04175332118102015
4289,0,-0.15488751312183557
4299,0,-0.18920771695242256
4309,0,-0.2353877032351538
4319,0,-0.1859554819391679
4329,0,-0.226297350114242
4339,0,-0.10171552326160838
4349,0,-0.18963987960309092
4359,0,-0.2186015936353526
4369,0,-0.16931868756250834
4379,0,-0.1599419884805353
4389,0,-0.14452522899954312
4399,0,-0.2632705495418103
4409,0,-0.21879946857051047
4419,0,-0.2724418021782744
4429,0,-0.2991307937557557
4439,0,-0.22347857678615035
4449,0,-0.21436672345883157
4459,0,-0.19408618719609472
4469,0,-0.14519852136396116
4479,0,-0.22958116246975746
4489,0,-0.09139833269259878
4499,0,-0.1428647114017414
4509,0,0.04656255885476024
4519,0,0.030633907003515648
4529,0,0.04613732107469082
4539,0,0.038172634817520645
4549,0,0.14469676349038574
4559,0,0.09563336630781827
4569,0,0.118659802208815
4579,0,0.3052715234385587
4589,0,0.34025381110991026
4599,0,0.35940606345141357
4609,0,0.38269088774445714
4619,0,0.34551266813568826
4629,0,0.32091000010690685
4639,0,0.331396659812503
4649,0,0.17538987281214602
4659,0,0.17693213935088514
4669,0,0.17831192440010224
4679,0,0.1882768691726905
4689,0,0.2183594071086581
4699,0,-0.034182205129568155
4709,0,0.245638633911341
4719,0,0.2248400106743197
4729,0,0.2709438961354447
4739,0,0.33531786909887795
4749,0,0.3079048951857386
4759,0,0.2596167222783854
4769,0,0.27840051825477274
4779,0,0.21877339698000164
4789,0,0.0350131288588984
4799,0,0.1898805397509411
4809,0,0.06251133204173942
4819,0,0.04616155233376573
4829,0,0.07449660269896896
4839,0,0.033336328982307095
4849,0,0.011057498928274123
4859,0,0.10393662071997245
4869,0,-0.17573805045755564
4879,0,-0.04984245215108196
4889,0,0.1134093531121082
4899,0,0.024972955151559173
4909,0,-0.0885786291690408
4919,0,0.02598847561418549
4929,0,-0.019330395519295385
4939,0,-0.007416190118694876
4949,0,-0.024941037326929316
4959,0,-0.09459287882644707
4969,0,-0.10779668614262294
4979,0,-0.11984195790594099
4989,0,-0.10104117400847512
4999,0,-0.08548473392586975
5009,0,-0.06418010654997419
5019,0,-0.05856086177896502
5029,0,-0.006098869048581812
5039,0,-0.10436497262507627
5049,0,0.055880439098025536
5059,0,-0.01924291895546104
5069,0,0.030764284343966497
5079,0,0.04345229126452799
5089,0,0.125715798559083
5099,0,0.09640916252935638
5109,0,0.04710512739753203
5119,0,-0.010508030252714518
5129,0,0.03762157818748957
5139,0,-0.007541317214217247
5149,0,-0.007171543015320747
5159,0,0.05354358192628139
5169,0,0.048487686152288934
5179,0,0.1543841569295401
5189,0,0.3362495560619009
5199,0,0.36322954332433555
5209,0,0.3058197174738848
5219,0,0.39411220199817054
5229,0,0.26314427543927243
5239,0,0.3047441125560122
5249,0,0.40699778249881857
5259,0,0.38829525575977586
5269,0,0.37217266568397767
5279,0,0.3403460170549669
5289,0,0.19095894629783983
5299,0,0.4162218436324131
5309,0,0.335404910626645
5319,0,0.1074909838705278
5329,0,0.14506542469212214
5339,0,0.25272550032038277
5349,0,0.2100101715748548
5359,0,0.1527836501104256
5369,0,-0.038367327047314825
5379,0,0.006997822422833533
5389,0,0.17684968862839823
5399,0,0.20595422425502485
5409,0,0.17746283348651803
5419,0,-0.025008484863294544
5429,0,0.055965249193836164
5439,0,0.09133216529940358
5449,0,-0.02844764469435479
5459,0,-0.10756590548918021
5469,0,-0.11105096916306045
5479,0,-0.17063842179412814
5489,0,-0.07302449046505555
5499,0,-0.18798029609175038
5509,0,-0.07858353741572188
5519,0,-0.06916077773065388
5529,0,-0.10869666886361451
5539,0,-0.06914378238306862
5549,0,-0.029198429184718155
5559,0,0.10856712241737698
5569,0,0.0336482014145858
5579,0,0.0636654359288088
5589,0,0.08948626770417012
5599,0,-0.12586936603381527
5609,0,-0.041651660952796266
5619,0,-0.001106635193321437
5629,0,0.05480522364060847
5639,0,-0.11417241591222493
5649,0,0.057731233256753334
5659,0,0.04969602549083407
5669,0,-0.002164189201110278
5679,0,0.05298594410146806
5689,0,0.1486083374971311
5699,0,0.19571721341149495
5709,0,0.09733100636905567
5719,0,0.0744870278651194
5729,0,0.16759496409248187
5739,0,0.20057597180844933
5749,0,0.24164101971191554
5759,0,0.18081819253050202
5769,0,0.23816638567406356
5779,0,0.19704524521450362
5789,0,0.17349892095582886
5799,0,0.2967404331809309
5809,0,0.19753955766854536
5819,0,0.05338762491983329
5829,0,0.19078823288379843
5839,0,0.20835037464424344
5849,0,0.06285559929047224
5859,0,0.03305139902312382
5869,0,0.0013814982708012513
5879,0,0.13969196573076537
5889,0,0.09117425618452946
5899,0,-0.023294180933209563
5909,0,0.0555556026382672
5919,0,-0.0528719045092787
5929,0,-0.04738506972265877
5939,0,-0.11700388373281334
5949,0,-0.05397144633985984
5959,0,-0.06570190477600579
5969,0,-0.021321472131962338
5979,0,-0.01952890260935014
5989,0,-0.009127005977436542
5999,0,-0.09546780134546995
6009,0,-0.017072941862297908
6019,0,0.024908773392325223
6029,0,0.008925993493110851
6039,0,0.04590243553105866
6049,0,-0.06750862035589689
6059,0,-0.01505511205627641
6069,0,-0.07813638845981175
6079,0,-0.08572905197789915
6089,0,-0.13419486803479386
6099,0,-0.1135622153245055
6109,0,-0.12528085290001334
6119,0,-0.29859082533738734
6129,0,-0.0408110305281526
6139,0,-0.1617608419976595
6149,0,0.03011119782922811
6159,0,0.013107519120736155
6169,0,0.11677291211029839
6179,0,0.009538568151954752
6189,0,0.11754505288715333
6199,0,0.1626347761082142
6209,0,0.1554454309015808
6219,0,0.2218956732195536
6229,0,0.17113902966694317
6239,0,0.1097450682871387
6249,0,0.23033677164907884
6259,0,0.16158775881542997
6269,0,0.15103342989864477
6279,0,0.17054130349091123
6289,0,0.03447800612475327
6299,0,0.20225928253670566
6309,0,0.2239421742097656
6319,0,0.21020720723815856
6329,0,0.20026255092151246
6339,0,0.12489965171839956
6349,0,0.08082621221756858
6359,0,-0.02407718261868197
6369,0,0.07007147485238863
6379,0,0.0980513053269435
6389,0,0.0928453646273667
6399,0,0.12310919085532179
6409,0,0.1406687693448394
6419,0,-0.0017097893284764298
6429,0,-0.06205248521173046
6439,0,0.08216462623352272
6449,0,0.11374299113707464
6459,0,0.004856727820526041
6469,0,-0.10219466627723783
6479,0,0.059580413886225814
6489,0,-0.07422475170259302
6499,0,-0.09294547558231014
6509,0,-0.08881729046967468
6519,0,-0.09970774627438206
6529,0,-0.14944251402056385
6539,0,-0.06994656032178614
6549,0,-0.12956938406360818
6559,0,-0.0455631690411159
6569,0,-0.11204563985426452
6579,0,-0.11199348437905343
6589,0,-0.07656129065660355
6599,0,-0.09656503258437976
6609,0,-0.18686105421900934
6619,0,-0.24037168711816947
6629,0,-0.2573407135020943
6639,0,-0.14631233146985279
6649,0,-0.14731248883805093
6659,0,-0.15967393588694279
6669,0,-0.13733037452042673
6679,0,-0.16588268701801323
6689,0,-0.03185779444150749
6699,0,-0.021937468616664013
6709,0,-0.041913845435392894
6719,0,-0.03781057642373242
6729,0,-0.065929602472652
6739,0,-0.00904329998623088
6749,0,-0.004640003394424719
6759,0,0.05289679141522152
6769,0,0.06209618610944334
6779,0,0.12790009172840433
6789,0,0.0768359128210605
6799,0,0.05898157271671822
6809,0,0.1124270405015696
6819,0,0.13669007031010982
6829,0,-0.03800718134507863
6839,0,0.007396139870241014
6849,0,0.09785329689644218
6859,0,0.04899823434863204
6869,0,0.005382785084712127
6879,0,0.018730270870529808
6889,0,-0.07100370667216149
6899,0,0.084104760940653
6909,0,-0.02094061895539212
6919,0,0.012582507043522262
6929,0,0.0912544348922254
6939,0,0.015606595290788339
6949,0,0.14067101692453232
6959,0,0.08297346014228457
6969,0,-0.05458483443332385
6979,0,-0.013233362772245072
6989,0,-0.05415199780735258
6999,0,-0.01946146808331195
7009,0,0.05334370417981338
7019,0,0.15511591061426355
7029,0,0.07446496397886537
7039,0,0.11397283669624214
7049,0,0.1910961340000844
7059,0,0.24765926867797494
7069,0,0.2828184115886736
7079,0,0.184547815419996
7089,0,0.19108592292384363
7099,0,0.2748069149251289
7109,0,0.06711518578231535
7119,0,0.19246443547210046
7129,0,0.20818982841042566
7139,0,0.0975167363445687
7149,0,0.15589150656248363
7159,0,0.22775478052244535
7169,0,0.31974323144745587
7179,0,0.3469882402658143
7189,0,0.3102941724125713
7199,0,0.26942725738817974
7209,0,0.3554411853148126
7219,0,0.3312427106796668
7229,0,0.35605089101332654
7239,0,0.4263984654101427
7249,0,0.39490105354945215
7259,0,0.3969002085341392
7269,0,0.17297586278840793
7279,0,0.21814261577483463
7289,0,0.41222514721706405
7299,0,0.3239198687208793
7309,0,0.37586452684589333
7319,0,0.17913301790462088
7329,0,0.12456052252781658
7339,0,0.07769194565459603
7349,0,-0.034828466236181965
7359,0,-0.016617246083321047
7369,0,0.027892719506493635
7379,0,-0.07812569488370869
7389,0,-0.10048888489761443
7399,0,-0.12633369305324837
7409,0,-0.0617313533033822
7419,0,-0.07782878425014961
7429,0,0.009859042580088517
7439,0,0.025583791687361468
7449,0,-0.06495744050230068
7459,0,-0.055065789166534596
7469,0,-0.08911341171527565
7479,0,-0.10441036945908422
7489,0,0.020107017750790046
7499,0,-0.08982650970631667
7509,0,-0.03489155299247082
7519,0,-0.09840533444129329
7529,0,-0.09244518064778118
7539,0,-0.24132692133240707
7549,0,-0.14893973751112854
7559,0,-0.21783880236782172
7569,0,-0.1512511763239235
7579,0,-0.21979172057674412
7589,0,-0.2285184621700087
7599,0,-0.06467435472127092
7609,0,-0.11156857747555737
7619,0,-0.11125999485867255
7629,0,-0.18190926553646747
7639,0,-0.11292863104897533
7649,0,-0.004300664505785701
7659,0,-0.10454521753025037
7669,0,-0.08632134619704712
7679,0,-0.07010315040340365
7689,0,-0.14129164253516313
7699,0,-0.1240226630661736
7709,0,0.038583573034782326
7719,0,0.05451018326993751
7729,0,0.06355619971652804
7739,0,0.0650814894873315
7749,0,0.16865519143542818
7759,0,0.08592002720741987
7769,0,0.09441303877632035
7779,0,0.07873370050579453
7789,0,0.1461717472170192
7799,0,0.1442389160755152
7809,0,0.08282900752978073
7819,0,0.08392710122613622
7829,0,-0.15375767792610517
7839,0,-0.014159221143168699
7849,0,-0.09982906035062067
7859,0,0.1015269933994063
7869,0,0.0015157355586253862
7879,0,-0.039537355916213546
7889,0,-0.03262759812537741
7899,0,0.10151949705751906
7909,0,-0.06833356124349665
7919,0,-0.014147299999943797
7929,0,0.02924288767564298
7939,0,0.024870072187086145
7949,0,0.054665285731129276
7959,0,0.07458527161496231
7969,0,0.18220048143882173
7979,0,-0.031793895171902786
7989,0,-0.10556060976475368
7999,0,-0.06220804900822274
8009,0,-0.1681840042960837
8019,0,-0.08413043488370175
8029,0,-0.06350200508136883
8039,0,-0.11547563653062609
8049,0,-0.13361068536308796
8059,0,-0.12562565089285027
8069,0,-0.10195045888167387
8079,0,-0.12186495704919409
8089,0,-0.08546836290516913
8099,0,-0.05172405644197886
8109,0,-0.08136850151985531
8119,0,-0.18720411919024127
8129,0,-0.14558604112727702
8139,0,-0.14298648073533182
8149,0,-0.26493215364307954
8159,0,-0.11955927619146789
8169,0,-0.17872064436064228
8179,0,-0.2089213356825944
8189,0,-0.13010950261600063
8199,0,-0.1368116358766247
8209,0,-0.17745575629371513
8219,0,-0.1899930518369597
8229,1,-0.13810264830203012
8239,1,-0.03119589398992928
8249,1,-0.002025821296646302
8259,1,0.04633871647743748
8269,1,0.04139647527170276
8279,1,0.010897811977380378
8289,1,0.038578535310499595
8299,1,0.08354397580769213
8309,1,0.0908404426326217
8319,1,0.441069401142691
8329,1,0.4197084617926442
8339,1,0.3962376147187706
8349,1,0.4551571725028457
8359,1,0.42498237236995007
8369,1,0.42690780581410304
8379,1,0.31404584907907085
8389,1,0.4763887056882763
8399,1,0.36372045677275355
8409,1,0.5823891889655337
8419,1,0.7455618265102921
8429,1,0.4321136362620621
8439,1,0.5858308330195424
8449,1,0.5994407891550851
8459,1,0.6983694234231522
8469,1,0.5262688401409186
8479,1,0.6554214270330373
8489,1,0.6304461845748393
8499,1,0.6684295070694618
8509,1,0.6566132862381435
8519,1,0.4165258387290858
8529,1,0.4816238499103971
8539,1,0.47019926696411163
8549,1,0.4083544727584313
8559,1,0.40671541195435645
8569,1,0.4690502688569326
8579,1,0.3902090387984496
8589,1,0.331415674138019
8599,1,0.41114876848135207
8609,1,0.43605148217620593
8619,1,0.5364531413284335
8629,1,0.7712424595130827
8639,1,0.8718187835174966
8649,1,0.8749427602277777
8659,1,0.9785415328024512
8669,1,1.1778040803440566
8679,1,1.2744387473898289
8689,1,1.338945960747445
8699,1,1.2988772139850686
8709,1,1.0765985049203772
8719,1,0.9461894867547632
8729,1,0.8518656853234176
8739,1,0.9485065608472003
8749,1,1.2052320527268443
8759,1,1.327828067094519
8769,1,1.7146663162782678
8779,1,2.0056636185067527
8789,1,2.030110768043417
8799,1,2.1922620489004596
8809,1,2.1575895532596125
8819,1,2.1966631092387967
8829,1,2.7623777614139158
8839,1,2.986496523817829
8849,1,2.935155963814901
8859,1,3.2951448997354773
8869,1,3.4006651262534304
8879,1,3.2116760526332957
8889,1,3.4401864352515643
8899,1,3.942981127656629
8909,1,3.9978195691726097
8919,1,3.5547949328061557
8929,1,3.969045276696946
8939,1,4.265310150283289
8949,1,4.7698023218377505
8959,1,4.560440445485168
8969,1,4.694683325617567
8979,1,4.766406778366377
8989,1,4.739969922878849
8999,1,4.863358151709095
9009,1,4.911671774021355
9019,1,5.812063857757536
9029,1,5.824921075293051
9039,1,6.088768471075344
9049,1,6.216707387748597
9059,1,7.002090699958922
9069,1,6.5030773656242165
9079,1,6.970540690698936
9089,1,6.966613964218773
9099,1,7.260544754265894
9109,1,7.465805739952538
9119,1,7.521625963785748
9129,1,7.306890338184919
9139,1,7.323545692040723
9149,1,7.222195294538025
9159,1,7.368243243228758
9169,1,7.601117642353063
9179,1,7.51973744306723
9189,1,7.52803478379734
9199,1,7.965627809751256
9209,1,8.10309333396891
9219,1,8.27125828385333
9229,1,8.325323980406754
9239,1,8.058487422288579
9249,1,7.855690402298388
9259,1,7.198598125143184
9269,1,5.9708306579078005
9279,1,4.679587624575085
9289,1,4.291261438540683
9299,1,3.8551567814608942
9309,1,3.2394479609265456
9319,1,3.2945728799135052
9329,1,2.561482763490711
9339,1,2.235149201150359
9349,1,1.4811069448966576
9359,1,1.3734648810568584
9369,1,0.9846563127460563
9379,1,0.9620217978729667
9389,1,0.4619186666175267
9399,1,0.21864611644279286
9409,1,0.19402194889809765
9419,1,0.22703268827101386
9429,1,0.23958321869265842
9439,1,0.04662659011222536
9449,1,0.012072260601065588
9459,1,0.07472113966805338
9469,1,-0.033434274522673224
9479,1,0.04094215066105522
9489,1,-0.027517136900215844
9499,1,0.07287330453718233
9509,1,0.07359833506341762
9519,1,0.07970580332111765
9529,1,0.15527937180065043
9539,1,0.3367635309130028
9549,1,0.5141463135203878
9559,1,0.9685651246426529
9569,1,1.427315066316638
9579,1,1.4881930403017496
9589,1,1.4621702909273577
9599,1,1.760663739877733
9609,1,1.8222577862866498
9619,1,1.8669724112734087
9629,1,1.6732542574229394
9639,1,1.799837527377357
9649,1,2.137872539762197
9659,1,2.8197213535359045
9669,1,2.746354626036335
9679,1,2.7239911383793447
9689,1,3.3371986301741274
9699,1,3.4275243285206196
9709,1,3.778147219028382
9719,1,3.6547027174424174
9729,1,3.746865559360482
9739,1,3.8827427060638575
9749,1,4.103495664359119
9759,1,3.7342259648382083
9769,1,3.763880037972231
9779,1,4.0046903368832165
9789,1,3.958807720414178
9799,1,3.9439312739569203
9809,1,3.874376093463162
9819,1,3.6272357615224573
9829,1,3.9373035607104447
9839,1,3.5303778780441304
9849,1,3.61129911371945
9859,1,3.876811011183397
9869,1,3.7765307611959464
9879,1,3.97098656732853
9889,1,3.400840302500565
9899,1,3.0797408537922784
9909,1,3.1306991244686992
9919,1,3.0723642002523763
9929,1,3.104481243210179
9939,1,3.137782381276513
9949,1,3.1376351778266267
9959,1,2.9810316627209135
9969,1,2.818830994776163
9979,1,2.7645890780081297
9989,1,2.8467321404068886
9999,1,2.829252302497531
10009,1,3.1078932167871454
10019,1,3.480372085932657
10029,1,3.4602370914676803
10039,1,3.2513709965277395
10049,1,2.797803370363242
10059,1,3.1924412348298654
10069,1,3.4720465243881034
10079,1,3.0705776060332113
10089,1,3.079649886066831
10099,1,3.0406853183685536
10109,1,3.1526990176480125
10119,1,2.9901492323870964
10129,1,3.182698058770219
10139,1,3.4577836666114354
10149,1,3.4431405989413992
10159,1,3.0931250760493962
10169,1,3.0904492458081725
10179,1,3.518955987256306
10189,1,3.3419855406569585
10199,1,3.5549040230424866
10209,1,3.645967790931101
10219,1,3.6255491983337302
10229,1,3.9192444972835085
10239,1,3.79350555342552
10249,1,3.948730309651978
10259,1,3.9624007997116237
10269,1,4.123658941343735
10279,1,3.741446672412434
10289,1,3.649240216130533
10299,1,3.7932921578133674
10309,1,4.32918381572959
10319,1,4.487853573396576
10329,1,4.67379646326555
10339,1,4.5687072591354685
10349,1,4.748360899961863
10359,1,4.713813075139152
10369,1,4.827529553579714
10379,1,5.045020598806661
10389,1,4.848613211118329
10399,1,2.806447256792613
10409,1,1.847538858461487
10419,1,1.7572232575801081
10429,1,2.028397037302563
10439,1,1.6997059656516669
10449,1,1.4093970041997945
10459,1,1.2063372009276578
10469,1,1.0567582047196713
10479,1,0.9672569040341935
10489,1,1.1781104645134222
10499,1,0.9796375444719012
10509,1,0.7856282142013985
10519,1,0.48257215527578734
10529,1,0.5575545596674059
10539,1,0.43122782828915485
10549,1,0.3512877482951515
10559,1,0.2784113219530765
10569,1,0.17544158450968095
10579,1,0.36314828306558533
10589,1,0.6272338622968918
10599,1,0.7228098460390106
10609,1,0.7824084356740539
10619,1,0.6692360265288075
10629,1,0.6244104684139377
10639,1,0.5246045731667092
10649,1,0.3108112229800223
10659,1,0.42243910087283165
10669,1,0.551654408398218
10679,1,0.39074872802866023
10689,1,0.09642911766049211
10699,1,0.1967612211884796
10709,1,0.23517757146046026
10719,1,0.02860137684670816
10729,1,0.01601841584178476
10739,1,0.02896266853188434
10749,1,-0.04569871448263618
10759,1,-0.079204549551528
10769,1,0.04710025699528819
10779,1,-0.00605276776681507
10789,1,-0.11088034081299958
10799,1,-0.01818672573658353
10809,1,-0.06458335450972308
10819,1,-0.02483434450157218
10829,1,-0.009211193583080424
10839,1,0.003239690708203513
10849,1,-0.08065904535634139
10859,1,-0.06859476701496725
10869,1,-0.21255657599616218
10879,1,-0.06492623495811978
10889,1,-0.13292279625904846
10899,1,-0.0634240533810354
10909,1,-0.09488328625687026
10919,1,-0.08566456880008388
10929,1,-0.06086218867578019
10939,1,-0.05420885523888763
10949,1,0.050602034061779766
10959,1,0.03351496390043962
10969,1,0.014318310231058229
10979,1,0.0546350250121761
10989,1,0.12458701295594421
10999,1,0.07500599161691468
11009,1,0.04806922423762905
11019,1,0.08711607712803027
11029,1,0.19558058960530633
11039,1,0.15591729382840158
11049,1,0.27682090898448686
11059,1,0.5059597739803111
11069,1,0.5522268093387538
11079,1,0.46424094398457316
11089,1,0.41084849300602866
11099,1,0.39239397094502315
11109,1,0.3562831426857933
11119,1,0.39687881532224434
11129,1,0.3782231884331867
11139,1,0.3695609167342051
11149,1,0.36563337167110677
11159,1,0.4798292845696055
11169,1,0.3440392861315935
11179,1,0.32063408313643504
11189,1,0.31832221115805936
11199,1,0.38273245434970393
11209,1,0.37831988395137317
11219,1,0.4148008019857684
11229,1,0.7130240632170682
11239,1,0.7235675237538992
11249,1,0.6195703609617147
11259,1,0.6880314715118084
11269,1,0.6432159890104955
11279,1,0.5781754437738724
11289,1,0.4537449392223373
11299,1,0.6163506248689343
11309,1,0.5096005629071947
11319,1,0.477890885218463
11329,1,0.5717034724438171
11339,1,0.5605271824196838
11349,1,0.4062721008254371
11359,1,0.2677287033420809
11369,1,0.2631617510693528
11379,1,0.21017849516356357
11389,1,0.15453643733325295
11399,1,0.19356564294841982
11409,1,0.19108311423808544
11419,1,0.2669514117292654
11429,1,0.42184660483755987
11439,1,0.31128068296688916
11449,1,0.22722763808908908
11459,1,0.4588140537876354
11469,1,0.420963650858835
11479,1,0.35250790027825596
11489,1,0.2340846093775376
11499,1,0.16664590741778718
11509,1,0.17930505566375288
11519,1,0.19010403483525595
11529,1,0.0811199537115117
11539,1,0.14585740202816977
11549,1,0.09094911990568566
11559,1,0.05272160779427726
11569,1,0.0038828253941580737
11579,1,-0.06794767692300485
11589,1,-0.040975400836117615
11599,1,0.024037762468727464
11609,1,-0.05907392648849241
11619,1,-0.07823140135129669
11629,1,0.011791220413810977
11639,1,0.18109015735425105
11649,1,0.03180338337053423
11659,1,0.1483001956931964
11669,1,0.12947485459973063
11679,1,0.27874850458296807
11689,1,0.20015070377650757
11699,1,0.333867204792035
11709,1,0.43769570983598105
11719,1,0.42341924749309057
11729,1,0.39607087431618493
11739,1,0.6068722624271626
11749,1,0.5173977938863799
11759,1,0.44640118193070033
11769,1,0.44606267127482246
11779,1,0.33358477229119077
11789,1,0.5102625227799497
11799,1,0.5139235622023647
11809,1,0.47696419612485863
11819,1,0.36509961016281367
11829,1,0.3979028382313273
11839,1,0.4020047657211573
11849,1,0.2985782522457552
11859,1,0.27185075455179775
11869,1,0.30674553730688725
11879,1,0.17865268841139836
11889,1,0.42631591901665733
11899,1,0.3060399161311247
11909,1,0.2951345835265564
11919,1,0.5292648416494313
11929,1,0.5326674375918299
11939,1,0.5805663450038907
11949,1,0.7159003420663174
11959,1,0.4382127037833834
11969,1,0.5219118329461543
11979,1,0.3216102116583832
11989,1,0.3746355469642171
11999,1,0.4046610065516635
12009,1,0.39931469731432245
12019,1,0.2279730964677259
12029,1,0.26040326868642083
12039,1,0.21234508852137268
12049,1,0.06684799848680367
12059,1,0.03952083349771718
12069,1,-0.06835256662340428
12079,1,0.009794314178779517
12089,1,-0.08044632159509324
12099,1,-0.16808050596310964
12109,1,-0.16130401942684647
12119,1,-0.3307889760303777
12129,1,-0.1289778747498621
12139,1,-0.1395904449306321
12149,1,-0.19919135012869738
12159,1,-0.24689028863638607
12169,1,-0.269830513561681
12179,1,-0.20738161400141308
12189,1,-0.09349876809124369
12199,1,-0.014310896818167551
12209,1,-0.1203312321164538
12219,1,-0.054350111753299846
12229,1,-0.06588292370361437
12239,1,-0.008685918438464113
12249,1,0.0022383410783020086
12259,1,6.546078189784144e-05
12269,1,0.06182012825129135
12279,1,0.05053956509616042
12289,1,0.15648871198990766
12299,1,0.1882610862661498
12309,1,0.2575805526666125
12319,1,0.3343499474850712
12329,1,0.2986227608543194
12339,1,0.31997804330011026
12349,1,0.37015285515141993
12359,1,0.47589116820699473
12369,1,0.5261753835214052
12379,1,0.3676348370724496
12389,1,0.33038982806222483
12399,1,0.32711048869813464
12409,1,0.05096446241816366
12419,1,0.2548200722173606
12429,1,0.37980528912351885
12439,1,0.38062714456269553
12449,1,0.44161744489785393
12459,1,0.4100848214990278
12469,1,0.37201297700509606
12479,1,0.47436279002650106
12489,1,0.3473107222599945
12499,1,0.2936701986868384
12509,1,0.09522150387863337
12519,1,0.20881109940128872
12529,1,0.11885803399158157
12539,1,-0.029537155714925212
12549,1,0.04933515708569891
12559,1,-0.027222027291220585
12569,1,0.07249598981412042
12579,1,-0.015246620723811777
12589,1,0.015666945129744536
12599,1,0.08184573815501017
12609,1,0.16638938411593907
12619,1,0.03935361306760621
12629,1,0.06889659178442031
12639,1,0.06861954722682817
12649,1,0.049105980110795144
12659,1,0.12989360135470973
12669,1,0.01179473082072302
12679,1,0.2494484474685651
12689,1,0.4408196630665423
12699,1,0.6907521998790995
12709,1,0.9651676219062113
12719,1,1.188633105650747
12729,1,1.2857338005757535
12739,1,1.4966007889129762
12749,1,1.4986458826707547
12759,1,1.6599629562494893
12769,1,1.7200755570931214
12779,1,1.7602196437362627
12789,1,1.8204288791067997
12799,1,1.6478190508690553
12809,1,1.738633958912044
12819,1,1.7230906175097016
12829,1,1.5565740898703626
12839,1,1.7761170093486258
12849,1,1.5003073304992227
12859,1,1.49407850535354
12869,1,1.5253052973163175
12879,1,1.4282253702012715
12889,1,1.554050063990029
12899,1,1.502832568672657
12909,1,1.6269305985795262
12919,1,1.9347216777476188
12929,1,2.024671418170711
12939,1,1.665335975366909
12949,1,1.6981837116808023
12959,1,1.5517049349593706
12969,1,1.9840285036690815
12979,1,1.7769042780585684
12989,1,2.0978339946855904
12999,1,2.0735302550109376
13009,1,2.1220647807248225
13019,1,2.4056449979464203
13029,1,2.3861850697911655
13039,1,2.648976853578863
13049,1,2.7923536733722365
13059,1,2.9301865999790593
13069,1,2.955167968167763
13079,1,3.2691693480428885
13089,1,3.216521234962456
13099,1,3.617570757030701
13109,1,3.808236645561987
13119,1,3.8566983081121746
13129,1,3.6146963737227917
13139,1,3.7360455738256393
13149,1,3.9144078664133275
13159,1,3.9255632281570265
13169,1,3.7347580770338125
13179,1,3.49374973722178
13189,1,2.9135660099964005
13199,1,2.329060545186125
13209,1,1.9060044684126822
13219,1,1.571886037840375
13229,1,0.9703657723312917
13239,1,0.7353545468539875
13249,1,0.6652704282570969
13259,1,0.5623512979681191
13269,1,0.6847931228953285
13279,1,0.631676070197709
13289,1,0.7589037106945551
13299,1,0.7815725459363122
13309,1,0.8974778679387383
13319,1,0.9214851130528074
13329,1,0.910222879452772
13339,1,0.8677075015702255
13349,1,1.1384806519788804
13359,1,1.1873356087044553
13369,1,1.0600159894928807
13379,1,1.0768256059866648
13389,1,1.2125236250694686
13399,1,1.154801474315666
13409,1,1.348885296585315
13419,1,1.3586774382254536
13429,1,1.2405052315254896
13439,1,1.037694354378484
13449,1,0.7933327293389113
13459,1,0.8518175073442023
13469,1,0.8479498161367187
13479,1,0.7271996414682083
13489,1,0.7498919822426217
13499,1,0.7765967827523387
13509,1,0.5706650847359489
13519,1,0.45954812265234957
13529,1,0.48609646917376315
13539,1,0.3683845336471424
13549,1,0.19068520228347163
13559,1,0.18157185353568406
13569,1,0.3208170209156821
13579,1,0.33436923249800077
13589,1,0.41799423542647507
13599,1,0.39916198530660396
13609,1,0.4618234244194742
13619,1,0.5435429566241627
13629,1,0.5811517477380775
13639,1,0.8812318901351368
13649,1,1.1763980602268187
13659,1,0.917288711306186
13669,1,1.0057022538263554
13679,1,1.1132782571156916
13689,1,1.2982818482841267
13699,1,1.4731538051202708
13709,1,1.4421976906178293
13719,1,1.1644161222729854
13729,1,0.9276621765615328
13739,1,0.7855346269686064
13749,1,1.0037940649550823
13759,1,0.8383723165496632
13769,1,0.8648743562948439
13779,1,0.9276319620092053
13789,1,0.6437336502530863
13799,1,0.819654155212009
13809,1,1.1287619301756098
13819,1,0.9241170654899211
13829,1,1.0764598292208598
13839,1,1.1529717355169848
13849,1,1.1921458978281176
13859,1,1.564503300229618
13869,1,1.7159429319765316
13879,1,2.1141798854414295
13889,1,2.105959155574502
13899,1,2.1645277089136004
13909,1,2.131793746247974
13919,1,2.6154125222618654
13929,1,2.1906281751912893
13939,1,2.5536610225162737
13949,1,2.3330130038012835
13959,1,2.8661094719053963
13969,1,2.53562357603942
13979,1,2.5142181178471854
13989,1,2.340623221691727
13999,1,2.3126637122308145
14009,1,2.48091103225269
14019,1,2.254803290560353
14029,1,2.342959488216525
14039,1,2.1855143190851147
14049,1,2.0591860162658184
14059,1,1.8952435744594556
14069,1,1.9285839478843818
14079,1,1.976473749730856
14089,1,2.0522017723577743
14099,1,1.9394844823007331
14109,1,1.8440259988097525
14119,1,1.926025211460304
14129,1,1.8052591410677548
14139,1,1.9505057670509944
14149,1,1.8172085512247367
14159,1,1.8468983195161714
14169,1,1.4241922660506692
14179,1,1.557425554891978
14189,1,1.5156046207112812
14199,1,1.5016973077327294
14209,1,1.497930814935748
14219,1,1.3586399496593724
14229,1,1.13813794725377
14239,1,1.215533103318104
14249,1,1.088353544335283
14259,1,1.2786799865379117
14269,1,1.1259054314390973
14279,1,1.2120326586221388
14289,1,0.9839211307680675
14299,1,1.0919507665343353
14309,1,1.0245214433281602
14319,1,0.9893266824992214
14329,1,0.9300114438825795
14339,1,0.8875568376253015
14349,1,0.8774256312583082
14359,1,0.6856556126029845
14369,1,0.5130227103535934
14379,1,0.5128233212403801
14389,1,0.4124649376794245
14399,1,0.45104172113247687
14409,1,0.3552516394645939
14419,1,0.38794838349816374
14429,1,0.38448269012710856
14439,1,0.34155573338989875
14449,1,0.543545929903548
14459,1,0.646238028953631
14469,1,0.7953190253348418
14479,1,0.9756525146745618
14489,1,1.301203702862844
14499,1,1.735755833049574
14509,1,1.6146244309576394
14519,1,2.119980244059752
14529,1,2.4659094537000468
14539,1,2.959045785915702
14549,1,3.1670761866027513
14559,1,3.3840691043988067
14569,1,3.7753578819682554
14579,1,3.6275681442143473
14589,1,3.343255285334061
14599,1,3.346356692681385
14609,1,2.859945329374828
14619,1,2.6461831976984342
14629,1,2.5706140862451567
14639,1,2.23632506067979
14649,1,2.3059260445812484
14659,1,1.872534208073842
14669,1,1.844058038940334
14679,1,1.7407238679651478
14689,1,1.7072326812297614
14699,1,1.3353066708232153
14709,1,1.373911773388998
14719,1,1.457125299573744
14729,1,1.3067082324181558
14739,1,1.3180506806053942
14749,1,1.3161185751234346
14759,1,1.5593835178444206
14769,1,1.5769901284169219
14779,1,1.8034218374498596
14789,1,2.041240269244032
14799,1,1.7311941005654778
14809,1,1.6967207627616614
14819,1,1.6138556897158267
14829,1,1.2998662823328546
14839,1,1.1240204539850784
14849,1,0.8452020934806143
14859,1,0.6284608426988091
14869,1,0.49557490642668744
14879,1,0.6298043561061077
14889,1,0.37128413144903416
14899,1,0.4566492072050783
14909,1,0.3682729353050328
14919,1,0.42770991810052483
14929,1,0.4054696856066812
14939,1,0.24288787640889464
14949,1,0.08260549811977969
14959,1,-0.04538436051438943
14969,1,0.015734716684899674
14979,1,-0.042139240607338535
14989,1,0.062563577165487
14999,1,0.1324422634951341
15009,1,0.12555942669842823
15019,1,0.17038268492993613
15029,1,0.41513564388578195
15039,1,0.6804539071216906
15049,1,1.068100933484172
15059,1,1.1644722191453294
15069,1,1.5287594336920858
15079,1,1.5239537187434153
15089,1,1.784844026482789
15099,1,1.8177853569528115
15109,1,1.521474606923804
15119,1,1.3582964462548053
15129,1,1.4611475677735482
15139,1,1.2662290158406009
15149,1,1.3332165893879284
15159,1,1.4036268171223196
15169,1,1.3885081699512178
15179,1,1.505425234181859
15189,1,1.300861467721484
15199,1,1.2647057341162729
15209,1,1.3396421471584024
15219,1,1.3656075406532997
15229,1,1.454159662773319
15239,1,1.662316182258174
15249,1,1.767676252647524
15259,1,1.9851143082637772
15269,1,2.2079459372833394
15279,1,2.3507748379476077
15289,1,2.617604131821738
15299,1,2.4724607663664315
15309,1,2.5822929381362725
15319,1,2.073777577878711
15329,1,1.7729052718608247
15339,1,1.6960960104334386
15349,1,1.5092894262686674
15359,1,1.1721264847221642
15369,1,1.2618852809805916
15379,1,1.2338774073973124
15389,1,0.9865407468528663
15399,1,1.0044427587844207
15409,1,0.93195244348178
15419,1,0.846137452727412
15429,1,0.6778933802089964
15439,1,0.49372151791643437
15449,1,0.37192144585066067
15459,1,0.1967776453837503
15469,1,0.15900505319462177
15479,1,0.03896157721466198
15489,1,0.11466712340328311
15499,1,-0.027373597819771445
15509,1,-0.0038365776384593486
15519,1,-0.034590176095227076
15529,1,0.010278120863653206
15539,1,-0.09134339919616918
15549,1,-0.029039673331309523
15559,1,-0.07179293641938489
15569,1,-0.11942474432437789
15579,1,-0.03603300972038548
15589,1,0.03143751355191915
15599,1,-0.003724912761501664
15609,1,-0.10999942041974553
15619,1,-0.1348639239939341
15629,1,-0.08234670758917018
15639,1,-0.14425503135760798
15649,1,-0.03724753830721261
15659,1,-0.07726480013179815
15669,1,-0.15616411546774756
15679,1,-0.0303321001227409
15689,1,-0.04198320475063577
15699,1,-0.0552177263068061
15709,1,0.056336613159041815
15719,1,0.08448738262566102
15729,1,0.056463871308329194
15739,1,0.07989449685375671
15749,1,0.009480126640408648
15759,1,0.020306785997448284
15769,1,-0.01761500881574085
15779,1,0.011298857617775493
15789,1,-0.07292847960370408
15799,1,0.039743874092725506
15809,1,0.023099249813524292
15819,1,-0.006524294181174062
15829,1,-0.06187020737548998
15839,1,-0.06743657969928596
15849,1,-0.09594794261366235
15859,1,-0.1282225470687498
15869,1,-0.08272340981278559
15879,1,0.0014400553265162541
15889,1,-0.05500209036321779
15899,1,0.029152946872612606
15909,1,0.0015235049595935246
15919,1,0.08026774247805746
15929,1,0.07481333060767315
15939,1,0.06026527006026117
15949,1,0.04928884857631699
15959,1,0.031891785979707654
15969,1,0.07604789774390597
15979,1,-0.02549392325928923
15989,1,-0.033759162767852735
15999,1,0.007386389740590693
16009,1,-0.06733301303116646
16019,1,-0.09016238625235662
16029,1,0.03930329655317255
16039,1,0.010476810493975752
16049,1,0.031435740746018404
16059,1,-0.018430661935860848
16069,1,-0.0635479436667703
16079,1,0.005200709899198741
16089,1,0.03736318078300016
16099,1,0.04619551015087986
16109,1,-0.07823403963612718
16119,1,0.06733064745093631
16129,1,0.10054885236652167
16139,1,0.16321974227698133
16149,1,0.12820813388457708
16159,1,0.13165300435181604
16169,1,0.13018797503464008
16179,1,0.2723766151373288
16189,1,0.365443821625283
16199,1,0.15852682912334115
